{
  "perplexity": 19.04000393825254,
  "avg_loss_nats": 2.9465422362041926,
  "total_tokens_evaluated": 5169152,
  "total_params": 99032320,
  "eval_time_sec": 90.68
}