{
  "perplexity": 19.011989141635,
  "avg_loss_nats": 2.94506978761942,
  "total_tokens_evaluated": 5169152,
  "total_params": 99032320,
  "eval_time_sec": 456.06
}