{
  "perplexity": 18.95923781553644,
  "avg_loss_nats": 2.9422912964163417,
  "total_tokens_evaluated": 5169152,
  "total_params": 99032320,
  "eval_time_sec": 85.01
}