{
  "perplexity": 24.087637631967976,
  "avg_loss_nats": 3.181698747557808,
  "total_tokens_evaluated": 5169152,
  "total_params": 99032320,
  "eval_time_sec": 118.58
}