{
  "perplexity": 25.00076433187728,
  "avg_loss_nats": 3.218906397675939,
  "total_tokens_evaluated": 5169152,
  "total_params": 99032320,
  "eval_time_sec": 119.28
}