{
  "perplexity": 18.802652752973678,
  "avg_loss_nats": 2.933997963763266,
  "total_tokens_evaluated": 5169152,
  "total_params": 99032320,
  "eval_time_sec": 293.64
}