{
  "perplexity": 28.614888077644917,
  "avg_loss_nats": 3.353927144535748,
  "total_tokens_evaluated": 5169152,
  "total_params": 99032320,
  "eval_time_sec": 118.86
}