{
  "perplexity": 19.722897301716397,
  "avg_loss_nats": 2.9817802603762424,
  "total_tokens_evaluated": 5169152,
  "total_params": 99032320,
  "eval_time_sec": 117.29
}