{
  "perplexity": 19.063703291872958,
  "avg_loss_nats": 2.947786175883515,
  "total_tokens_evaluated": 5169152,
  "total_params": 99032320,
  "eval_time_sec": 84.13
}