{
  "perplexity": 18.76814656642521,
  "avg_loss_nats": 2.932161101259634,
  "total_tokens_evaluated": 5169152,
  "total_params": 99032320,
  "eval_time_sec": 399.72
}