{
  "perplexity": 19.579571888297888,
  "avg_loss_nats": 2.974486772118582,
  "total_tokens_evaluated": 5169152,
  "total_params": 99032320,
  "eval_time_sec": 84.41
}