{
  "perplexity": 18.79940495804985,
  "avg_loss_nats": 2.9338252181674336,
  "total_tokens_evaluated": 5169152,
  "total_params": 99032320,
  "eval_time_sec": 415.1
}