{
  "perplexity": 19.740921136413398,
  "avg_loss_nats": 2.982693696362092,
  "total_tokens_evaluated": 5169152,
  "total_params": 99032320,
  "eval_time_sec": 117.25
}