{
  "perplexity": 19.553646277127857,
  "avg_loss_nats": 2.9731617793795047,
  "total_tokens_evaluated": 5169152,
  "total_params": 99032320,
  "eval_time_sec": 83.98
}