{
  "perplexity": 24.195495643456756,
  "avg_loss_nats": 3.18616648540255,
  "total_tokens_evaluated": 5169152,
  "total_params": 99032320,
  "eval_time_sec": 140.11
}