{
  "perplexity": 18.931744591484865,
  "avg_loss_nats": 2.9408401211165778,
  "total_tokens_evaluated": 5169152,
  "total_params": 99032320,
  "eval_time_sec": 92.69
}