{
  "perplexity": 19.050973520911388,
  "avg_loss_nats": 2.947118203726888,
  "total_tokens_evaluated": 5169152,
  "total_params": 99032320,
  "eval_time_sec": 270.68
}