{
  "perplexity": 24.22559702786994,
  "avg_loss_nats": 3.1874098025864543,
  "total_tokens_evaluated": 5169152,
  "total_params": 99032320,
  "eval_time_sec": 136.67
}