{
  "perplexity": 24.176746328864372,
  "avg_loss_nats": 3.185391275705135,
  "total_tokens_evaluated": 5169152,
  "total_params": 99032320,
  "eval_time_sec": 117.41
}