{
  "perplexity": 30.17585099909047,
  "avg_loss_nats": 3.407041968709882,
  "total_tokens_evaluated": 5169152,
  "total_params": 99032320,
  "eval_time_sec": 117.48
}