{
  "perplexity": 18.794643805004913,
  "avg_loss_nats": 2.9335719252539514,
  "total_tokens_evaluated": 5169152,
  "total_params": 99032320,
  "eval_time_sec": 84.68
}