{
  "perplexity": 38.91562406530112,
  "avg_loss_nats": 3.6613958169087746,
  "total_tokens_evaluated": 5169152,
  "total_params": 99032320,
  "eval_time_sec": 117.4
}