{
  "perplexity": 26.630181824271084,
  "avg_loss_nats": 3.28204522760092,
  "total_tokens_evaluated": 5169152,
  "total_params": 99032320,
  "eval_time_sec": 117.93
}