{
  "perplexity": 24.235216114519755,
  "avg_loss_nats": 3.1878067867124895,
  "total_tokens_evaluated": 5169152,
  "total_params": 99032320,
  "eval_time_sec": 135.52
}