{
  "perplexity": 18.777839054688126,
  "avg_loss_nats": 2.9326774008489447,
  "total_tokens_evaluated": 5169152,
  "total_params": 99032320,
  "eval_time_sec": 90.01
}