{
  "perplexity": 24.081944784688105,
  "avg_loss_nats": 3.181462380663151,
  "total_tokens_evaluated": 5169152,
  "total_params": 99032320,
  "eval_time_sec": 118.89
}