{
  "perplexity": 19.102666151248837,
  "avg_loss_nats": 2.9498279143815562,
  "total_tokens_evaluated": 5169152,
  "total_params": 99032320,
  "eval_time_sec": 84.76
}