{
  "perplexity": 18.800203646081375,
  "avg_loss_nats": 2.9338677020156063,
  "total_tokens_evaluated": 5169152,
  "total_params": 99032320,
  "eval_time_sec": 94.84
}