{
  "perplexity": 36.53992010999082,
  "avg_loss_nats": 3.598405364576119,
  "total_tokens_evaluated": 5169152,
  "total_params": 99032320,
  "eval_time_sec": 117.83
}