{
  "perplexity": 19.588843594492378,
  "avg_loss_nats": 2.9749601998155355,
  "total_tokens_evaluated": 5169152,
  "total_params": 99032320,
  "eval_time_sec": 83.66
}