{
  "perplexity": 18.789202892738984,
  "avg_loss_nats": 2.933282390638312,
  "total_tokens_evaluated": 5169152,
  "total_params": 99032320,
  "eval_time_sec": 175.57
}