{
  "perplexity": 18.79953756129824,
  "avg_loss_nats": 2.9338322717300875,
  "total_tokens_evaluated": 5169152,
  "total_params": 99032320,
  "eval_time_sec": 84.21
}