{
  "perplexity": 27.845582145089082,
  "avg_loss_nats": 3.3266743234522558,
  "total_tokens_evaluated": 5169152,
  "total_params": 99032320,
  "eval_time_sec": 116.96
}