{
  "perplexity": 24.055196071497903,
  "avg_loss_nats": 3.180351026084646,
  "total_tokens_evaluated": 5169152,
  "total_params": 99032320,
  "eval_time_sec": 119.51
}