{
  "perplexity": 18.775848217725702,
  "avg_loss_nats": 2.932571374671017,
  "total_tokens_evaluated": 5169152,
  "total_params": 99032320,
  "eval_time_sec": 397.08
}