{
  "perplexity": 19.029093910172907,
  "avg_loss_nats": 2.945969066415838,
  "total_tokens_evaluated": 5169152,
  "total_params": 99032320,
  "eval_time_sec": 138.56
}