{
  "perplexity": 19.02617789149216,
  "avg_loss_nats": 2.9458158146560476,
  "total_tokens_evaluated": 5169152,
  "total_params": 99032320,
  "eval_time_sec": 164.54
}