{
  "perplexity": 19.55982261437088,
  "avg_loss_nats": 2.9734775957706048,
  "total_tokens_evaluated": 5169152,
  "total_params": 99032320,
  "eval_time_sec": 83.53
}