{
  "perplexity": 18.9927853762673,
  "avg_loss_nats": 2.9440591900171076,
  "total_tokens_evaluated": 5169152,
  "total_params": 99032320,
  "eval_time_sec": 100.53
}