{
  "perplexity": 19.604858038058556,
  "avg_loss_nats": 2.9757773946091035,
  "total_tokens_evaluated": 5169152,
  "total_params": 99032320,
  "eval_time_sec": 117.67
}