{
  "perplexity": 23.092313507334353,
  "avg_loss_nats": 3.139499813554404,
  "total_tokens_evaluated": 5169152,
  "total_params": 99032320,
  "eval_time_sec": 117.76
}