{
  "perplexity": 24.069852558174407,
  "avg_loss_nats": 3.1809601262329874,
  "total_tokens_evaluated": 5169152,
  "total_params": 99032320,
  "eval_time_sec": 119.17
}