{
  "perplexity": 28.011217304060803,
  "avg_loss_nats": 3.3326050479514095,
  "total_tokens_evaluated": 5169152,
  "total_params": 99032320,
  "eval_time_sec": 117.17
}