{
  "perplexity": 19.001135622265114,
  "avg_loss_nats": 2.9444987469732102,
  "total_tokens_evaluated": 5169152,
  "total_params": 99032320,
  "eval_time_sec": 521.44
}