{
  "perplexity": 24.078248357888935,
  "avg_loss_nats": 3.1813088751821623,
  "total_tokens_evaluated": 5169152,
  "total_params": 99032320,
  "eval_time_sec": 117.56
}