{
  "perplexity": 18.779957157320315,
  "avg_loss_nats": 2.9327901924846667,
  "total_tokens_evaluated": 5169152,
  "total_params": 99032320,
  "eval_time_sec": 219.36
}