{
  "perplexity": 33.5614874518218,
  "avg_loss_nats": 3.5133792027807464,
  "total_tokens_evaluated": 5169152,
  "total_params": 99032320,
  "eval_time_sec": 118.08
}