{
  "perplexity": 34.99170090185263,
  "avg_loss_nats": 3.555110916282787,
  "total_tokens_evaluated": 5169152,
  "total_params": 99032320,
  "eval_time_sec": 119.29
}