{
  "perplexity": 33.00958012438681,
  "avg_loss_nats": 3.4967978261352153,
  "total_tokens_evaluated": 5169152,
  "total_params": 99032320,
  "eval_time_sec": 118.7
}