{
  "perplexity": 19.57734730126573,
  "avg_loss_nats": 2.9743731479070457,
  "total_tokens_evaluated": 5169152,
  "total_params": 99032320,
  "eval_time_sec": 83.95
}