{
  "perplexity": 25.98266771316647,
  "avg_loss_nats": 3.257429689310621,
  "total_tokens_evaluated": 5169152,
  "total_params": 99032320,
  "eval_time_sec": 117.79
}