{
  "perplexity": 24.094098291317003,
  "avg_loss_nats": 3.1819669263298653,
  "total_tokens_evaluated": 5169152,
  "total_params": 99032320,
  "eval_time_sec": 119.96
}