{
  "perplexity": 19.28994554159597,
  "avg_loss_nats": 2.9595840037719197,
  "total_tokens_evaluated": 5169152,
  "total_params": 99032320,
  "eval_time_sec": 83.7
}