{
  "perplexity": 18.96677462296069,
  "avg_loss_nats": 2.942688744343971,
  "total_tokens_evaluated": 5169152,
  "total_params": 99032320,
  "eval_time_sec": 85.06
}