{
  "perplexity": 24.958854022511467,
  "avg_loss_nats": 3.2172286298875763,
  "total_tokens_evaluated": 5169152,
  "total_params": 99032320,
  "eval_time_sec": 135.62
}