{
  "perplexity": 24.97610787071387,
  "avg_loss_nats": 3.21791968273852,
  "total_tokens_evaluated": 5169152,
  "total_params": 99032320,
  "eval_time_sec": 119.28
}