{
  "perplexity": 23.576676126621255,
  "avg_loss_nats": 3.16025792362195,
  "total_tokens_evaluated": 5169152,
  "total_params": 99032320,
  "eval_time_sec": 120.29
}