{
  "perplexity": 30.295656834666186,
  "avg_loss_nats": 3.4110043634514424,
  "total_tokens_evaluated": 5169152,
  "total_params": 99032320,
  "eval_time_sec": 117.74
}