{
  "perplexity": 23.461201688502758,
  "avg_loss_nats": 3.1553480647823133,
  "total_tokens_evaluated": 5169152,
  "total_params": 99032320,
  "eval_time_sec": 118.36
}