{
  "perplexity": 24.151736446513063,
  "avg_loss_nats": 3.1843562800608423,
  "total_tokens_evaluated": 5169152,
  "total_params": 99032320,
  "eval_time_sec": 118.79
}