{
  "perplexity": 25.60499283082966,
  "avg_loss_nats": 3.2427873649234438,
  "total_tokens_evaluated": 5169152,
  "total_params": 99032320,
  "eval_time_sec": 117.88
}