{
  "perplexity": 24.310585170588904,
  "avg_loss_nats": 3.1909118592266803,
  "total_tokens_evaluated": 5169152,
  "total_params": 99032320,
  "eval_time_sec": 135.01
}