{
  "perplexity": 24.065899305042027,
  "avg_loss_nats": 3.18079587189029,
  "total_tokens_evaluated": 5169152,
  "total_params": 99032320,
  "eval_time_sec": 117.92
}