{
  "perplexity": 24.120022407565603,
  "avg_loss_nats": 3.1830423008621023,
  "total_tokens_evaluated": 5169152,
  "total_params": 99032320,
  "eval_time_sec": 117.14
}