{
  "perplexity": 29.821250437443144,
  "avg_loss_nats": 3.395221241302611,
  "total_tokens_evaluated": 5169152,
  "total_params": 99032320,
  "eval_time_sec": 118.97
}