{
  "perplexity": 29.88069986987611,
  "avg_loss_nats": 3.3972127826769265,
  "total_tokens_evaluated": 5169152,
  "total_params": 99032320,
  "eval_time_sec": 116.3
}