{
  "perplexity": 19.665928579405094,
  "avg_loss_nats": 2.978887624672589,
  "total_tokens_evaluated": 5169152,
  "total_params": 99032320,
  "eval_time_sec": 118.67
}