{
  "perplexity": 19.58340115696654,
  "avg_loss_nats": 2.974682327684623,
  "total_tokens_evaluated": 5169152,
  "total_params": 99032320,
  "eval_time_sec": 85.76
}