{
  "perplexity": 19.029305099598016,
  "avg_loss_nats": 2.945980164592882,
  "total_tokens_evaluated": 5169152,
  "total_params": 99032320,
  "eval_time_sec": 207.15
}