{
  "perplexity": 19.22640297615845,
  "avg_loss_nats": 2.9562844893822766,
  "total_tokens_evaluated": 5169152,
  "total_params": 99032320,
  "eval_time_sec": 83.66
}