{
  "perplexity": 18.958854666849152,
  "avg_loss_nats": 2.9422710871356412,
  "total_tokens_evaluated": 5169152,
  "total_params": 99032320,
  "eval_time_sec": 229.6
}