{
  "perplexity": 26.05671686446292,
  "avg_loss_nats": 3.260275580047994,
  "total_tokens_evaluated": 5169152,
  "total_params": 99032320,
  "eval_time_sec": 117.63
}