{
  "perplexity": 24.108942813246088,
  "avg_loss_nats": 3.1825828427558087,
  "total_tokens_evaluated": 5169152,
  "total_params": 99032320,
  "eval_time_sec": 120.18
}