{
  "perplexity": 21.162980815048343,
  "avg_loss_nats": 3.0522534673451998,
  "total_tokens_evaluated": 5169152,
  "total_params": 99032320,
  "eval_time_sec": 118.4
}