{
  "perplexity": 29.39407071086054,
  "avg_loss_nats": 3.3807929775038534,
  "total_tokens_evaluated": 5169152,
  "total_params": 99032320,
  "eval_time_sec": 117.46
}