{
  "perplexity": 24.22415358874855,
  "avg_loss_nats": 3.1873502175894854,
  "total_tokens_evaluated": 5169152,
  "total_params": 99032320,
  "eval_time_sec": 118.58
}