{
  "perplexity": 24.087667684584176,
  "avg_loss_nats": 3.181699995193542,
  "total_tokens_evaluated": 5169152,
  "total_params": 99032320,
  "eval_time_sec": 118.73
}