{
  "perplexity": 24.848752477275216,
  "avg_loss_nats": 3.2128075491607473,
  "total_tokens_evaluated": 5169152,
  "total_params": 99032320,
  "eval_time_sec": 117.04
}