{
  "perplexity": 25.871727395911346,
  "avg_loss_nats": 3.253150766133884,
  "total_tokens_evaluated": 5169152,
  "total_params": 99032320,
  "eval_time_sec": 117.92
}