{
  "perplexity": 19.14315296985228,
  "avg_loss_nats": 2.9519451044251914,
  "total_tokens_evaluated": 5169152,
  "total_params": 99032320,
  "eval_time_sec": 202.18
}