{
  "perplexity": 19.488342585441007,
  "avg_loss_nats": 2.9698164706751586,
  "total_tokens_evaluated": 5169152,
  "total_params": 99032320,
  "eval_time_sec": 83.56
}