{
  "perplexity": 24.602521436129965,
  "avg_loss_nats": 3.202848935089474,
  "total_tokens_evaluated": 5169152,
  "total_params": 99032320,
  "eval_time_sec": 118.56
}