{
  "perplexity": 21.210396609926747,
  "avg_loss_nats": 3.054491467596801,
  "total_tokens_evaluated": 5169152,
  "total_params": 99032320,
  "eval_time_sec": 118.41
}