{
  "perplexity": 24.072405805766248,
  "avg_loss_nats": 3.1810661971852445,
  "total_tokens_evaluated": 5169152,
  "total_params": 99032320,
  "eval_time_sec": 118.72
}