{
  "perplexity": 19.03540895271722,
  "avg_loss_nats": 2.9463008738546477,
  "total_tokens_evaluated": 5169152,
  "total_params": 99032320,
  "eval_time_sec": 231.0
}