{
  "perplexity": 19.016585077092106,
  "avg_loss_nats": 2.9453114972061667,
  "total_tokens_evaluated": 5169152,
  "total_params": 99032320,
  "eval_time_sec": 107.9
}