{
  "perplexity": 25.459335155554175,
  "avg_loss_nats": 3.237082479495065,
  "total_tokens_evaluated": 5169152,
  "total_params": 99032320,
  "eval_time_sec": 116.88
}