{
  "perplexity": 24.136858466411518,
  "avg_loss_nats": 3.183740069106717,
  "total_tokens_evaluated": 5169152,
  "total_params": 99032320,
  "eval_time_sec": 117.23
}