{
  "perplexity": 22.398164623332324,
  "avg_loss_nats": 3.108979019045641,
  "total_tokens_evaluated": 5169152,
  "total_params": 99032320,
  "eval_time_sec": 120.55
}