{
  "perplexity": 19.580343092490782,
  "avg_loss_nats": 2.974526159547966,
  "total_tokens_evaluated": 5169152,
  "total_params": 99032320,
  "eval_time_sec": 83.46
}