{
  "perplexity": 24.38571991653719,
  "avg_loss_nats": 3.1939977116516767,
  "total_tokens_evaluated": 5169152,
  "total_params": 99032320,
  "eval_time_sec": 134.68
}