{
  "perplexity": 24.965154089836822,
  "avg_loss_nats": 3.2174810161681258,
  "total_tokens_evaluated": 5169152,
  "total_params": 99032320,
  "eval_time_sec": 119.08
}