{
  "perplexity": 19.56874433585843,
  "avg_loss_nats": 2.973933616644229,
  "total_tokens_evaluated": 5169152,
  "total_params": 99032320,
  "eval_time_sec": 83.59
}