{
  "perplexity": 19.51885752149223,
  "avg_loss_nats": 2.971381050660002,
  "total_tokens_evaluated": 5169152,
  "total_params": 99032320,
  "eval_time_sec": 85.86
}