{
  "perplexity": 19.115283342373345,
  "avg_loss_nats": 2.9504881900766193,
  "total_tokens_evaluated": 5169152,
  "total_params": 99032320,
  "eval_time_sec": 103.01
}