{
  "perplexity": 24.051317558270426,
  "avg_loss_nats": 3.180189779178843,
  "total_tokens_evaluated": 5169152,
  "total_params": 99032320,
  "eval_time_sec": 138.21
}