{
  "perplexity": 22.69968788596737,
  "avg_loss_nats": 3.1223511748759756,
  "total_tokens_evaluated": 5169152,
  "total_params": 99032320,
  "eval_time_sec": 117.77
}