{
  "perplexity": 18.796687440317807,
  "avg_loss_nats": 2.9336806543277674,
  "total_tokens_evaluated": 5169152,
  "total_params": 99032320,
  "eval_time_sec": 84.27
}