{
  "perplexity": 24.060933929163212,
  "avg_loss_nats": 3.1805895264666355,
  "total_tokens_evaluated": 5169152,
  "total_params": 99032320,
  "eval_time_sec": 118.92
}