{
  "perplexity": 18.923424643467776,
  "avg_loss_nats": 2.9404005537698086,
  "total_tokens_evaluated": 5169152,
  "total_params": 99032320,
  "eval_time_sec": 168.44
}