{
  "perplexity": 21.759067522412803,
  "avg_loss_nats": 3.080030568239239,
  "total_tokens_evaluated": 5169152,
  "total_params": 99032320,
  "eval_time_sec": 116.84
}