{
  "perplexity": 25.707283860245436,
  "avg_loss_nats": 3.246774370432278,
  "total_tokens_evaluated": 5169152,
  "total_params": 99032320,
  "eval_time_sec": 119.01
}