{
  "perplexity": 24.29478345200446,
  "avg_loss_nats": 3.19026165454399,
  "total_tokens_evaluated": 5169152,
  "total_params": 99032320,
  "eval_time_sec": 134.63
}