{
  "perplexity": 24.153741262702535,
  "avg_loss_nats": 3.1844392858103223,
  "total_tokens_evaluated": 5169152,
  "total_params": 99032320,
  "eval_time_sec": 118.51
}