{
  "perplexity": 18.938782851217038,
  "avg_loss_nats": 2.94121182229364,
  "total_tokens_evaluated": 5169152,
  "total_params": 99032320,
  "eval_time_sec": 96.94
}