{
  "perplexity": 24.71290704397896,
  "avg_loss_nats": 3.207325659538789,
  "total_tokens_evaluated": 5169152,
  "total_params": 99032320,
  "eval_time_sec": 118.34
}