{
  "perplexity": 24.27263970445852,
  "avg_loss_nats": 3.189349777913887,
  "total_tokens_evaluated": 5169152,
  "total_params": 99032320,
  "eval_time_sec": 131.11
}