{
  "perplexity": 22.273228421829153,
  "avg_loss_nats": 3.1033854380651436,
  "total_tokens_evaluated": 5169152,
  "total_params": 99032320,
  "eval_time_sec": 148.26
}