{
  "perplexity": 25.478267730442806,
  "avg_loss_nats": 3.237825842931418,
  "total_tokens_evaluated": 5169152,
  "total_params": 99032320,
  "eval_time_sec": 118.86
}