{
  "perplexity": 24.04916370520921,
  "avg_loss_nats": 3.1801002227749953,
  "total_tokens_evaluated": 5169152,
  "total_params": 99032320,
  "eval_time_sec": 119.43
}