{
  "perplexity": 24.06230367739286,
  "avg_loss_nats": 3.1806464531531238,
  "total_tokens_evaluated": 5169152,
  "total_params": 99032320,
  "eval_time_sec": 117.69
}