{
  "perplexity": 25.041713741331932,
  "avg_loss_nats": 3.2205429840390165,
  "total_tokens_evaluated": 5169152,
  "total_params": 99032320,
  "eval_time_sec": 118.8
}