{
  "perplexity": 19.21038254386947,
  "avg_loss_nats": 2.955450890370292,
  "total_tokens_evaluated": 5169152,
  "total_params": 99032320,
  "eval_time_sec": 84.28
}