{
  "perplexity": 19.645340886546055,
  "avg_loss_nats": 2.9778402051910544,
  "total_tokens_evaluated": 5169152,
  "total_params": 99032320,
  "eval_time_sec": 118.23
}