{
  "perplexity": 26.243038742702787,
  "avg_loss_nats": 3.2674007631141673,
  "total_tokens_evaluated": 5169152,
  "total_params": 99032320,
  "eval_time_sec": 117.61
}