{
  "perplexity": 19.235917641710053,
  "avg_loss_nats": 2.9567792419397323,
  "total_tokens_evaluated": 5169152,
  "total_params": 99032320,
  "eval_time_sec": 83.75
}