{
  "perplexity": 19.04300143944914,
  "avg_loss_nats": 2.946699655566087,
  "total_tokens_evaluated": 5169152,
  "total_params": 99032320,
  "eval_time_sec": 84.0
}